"BMI_group","variable","patients","observed","missing","non_finite","q1","median","q3"
"Overall","BMI",9068,9068,0,0,27.0412829311277,29.5840497913318,34.0866052266128
"Overall","Protein",9068,9068,0,0,0.914265621860559,1.05509483835362,1.25589987398327
"Overall","avDPI",9068,9068,0,0,0.315314478764479,0.736419774082253,1.12921640981116
"Overweight","BMI",4786,4786,0,0,26.0466067038004,27.1604938271605,28.3737024221453
"Overweight","Protein",4786,4786,0,0,1,1.17647058823529,1.34762377642219
"Overweight","avDPI",4786,4786,0,0,0.345232861843807,0.767233529353875,1.15365414236551
"Obese","BMI",4282,4282,0,0,31.8355329355169,34.5182139631297,39.2464678178964
"Obese","Protein",4282,4282,0,0,0.821737004924885,0.986116241347744,1.14035087719298
"Obese","avDPI",4282,4282,0,0,0.282341410881588,0.700141371951231,1.09626263480034
