"avDPI","log_estimate","se","ratio","lower","upper","group"
0,0.0405820425170331,0.049219519418071,1.04141674664891,0.945644838377692,1.14688812986217,"Overweight"
0.00872835993462447,0.0402276806348921,0.0487893232493305,1.04104777362933,0.946107203952554,1.14551550020005,"Overweight"
0.0174567198692489,0.0398733204809753,0.0483591397409431,1.04067893313507,0.946569773744838,1.1441445437102,"Overweight"
0.0261850798038734,0.0395189620785685,0.0479289688550814,1.04031022514216,0.947032547925294,1.14277525825934,"Overweight"
0.0349134397384979,0.0391646054509577,0.0474988105555289,1.03994164962655,0.947495526661883,1.14140764172064,"Overweight"
0.0436417996731223,0.0388102506214289,0.0470686648075702,1.03957320656422,0.947958710119981,1.14004169197352,"Overweight"
0.0523701596077468,0.0384558976132677,0.0466385315778801,1.03920489593112,0.948422098462567,1.13867740690337,"Overweight"
0.0610985195423713,0.0381015464497602,0.0462084108344138,1.03883671770317,0.948885691850433,1.13731478440123,"Overweight"
0.0698268794769958,0.0377471971541923,0.0457783025462962,1.03846867185628,0.949349490442377,1.1359538223636,"Overweight"
0.0785552394116202,0.0373928497498498,0.0453482066837113,1.03810075836636,0.949813494395404,1.1345945186921,"Overweight"
0.0872835993462447,0.0370385042600187,0.0449181232177923,1.03773297720929,0.95027770386493,1.13323687129328,"Overweight"
0.0960119592808692,0.0366841607079849,0.0444880521205109,1.03736532836093,0.950742119004982,1.1318808780783,"Overweight"
0.104740319215494,0.0363298191170341,0.0440579933645668,1.03699781179713,0.951206739968398,1.13052653696268,"Overweight"
0.113468679150118,0.0359754795104525,0.0436279469232778,1.03663042749372,0.951671566907034,1.12917384586608,"Overweight"
0.122197039084743,0.0356211419115258,0.0431979127704684,1.03626317542652,0.952136599971962,1.127822802712,"Overweight"
0.130925399019367,0.0352668063435398,0.0427678908803605,1.03589605557132,0.952601839313682,1.12647340542754,"Overweight"
0.139653758953992,0.0349124728297807,0.0423378812274621,1.03552906790392,0.953067285082319,1.12512565194317,"Overweight"
0.148382118888616,0.0345581413935342,0.0419078837864572,1.03516221240007,0.95353293742783,1.12377954019245,"Overweight"
0.15711047882324,0.0342038120580862,0.0414778985320955,1.03479548903553,0.953998796500213,1.12243506811178,"Overweight"
0.165838838757865,0.0338494848467227,0.0410479254390815,1.03442889778603,0.954464862449713,1.12109223364018,"Overweight"
0.174567198692489,0.0334951597827295,0.0406179644819644,1.03406243862729,0.954931135427023,1.11975103471902,"Overweight"
0.183295558627114,0.0331408368893924,0.0401880156350276,1.03369611153502,0.955397615583502,1.11841146929178,"Overweight"
0.192023918561738,0.0327865161899976,0.0397580788721779,1.03332991648489,0.955864303071374,1.11707353530383,"Overweight"
0.200752278496363,0.0324321977078307,0.0393281541668354,1.03296385345258,0.956331198043942,1.11573723070214,"Overweight"
0.209480638430987,0.0320778814661778,0.0388982414918227,1.03259792241375,0.956798300655796,1.1144025534351,"Overweight"
0.218208998365612,0.0317235674883247,0.0384683408192548,1.03223212334402,0.957265611063024,1.11306950145225,"Overweight"
0.226937358300236,0.0313692557975573,0.038038452120428,1.03186645621903,0.957733129423422,1.11173807270405,"Overweight"
0.235665718234861,0.0310149464171614,0.0376085753657101,1.03150092101437,0.958200855896708,1.11040826514165,"Overweight"
0.244394078169485,0.0306606393704232,0.0371787105244292,1.03113551770565,0.958668790644728,1.10908007671663,"Overweight"
0.25312243810411,0.0303063346806283,0.0367488575647637,1.03077024626842,0.959136933831676,1.10775350538084,"Overweight"
0.261850798038734,0.0299520323710627,0.0363190164536316,1.03040510667826,0.959605285624302,1.10642854908609,"Overweight"
0.270579157973359,0.0295977324650123,0.0358891871565798,1.0300400989107,0.96007384619213,1.10510520578397,"Overweight"
0.279307517907983,0.029243434985763,0.0354593696376739,1.02967522294126,0.960542615707669,1.10378347342562,"Overweight"
0.288035877842607,0.0288891399566007,0.0350295638593876,1.02931047874547,0.961011594346629,1.10246334996149,"Overweight"
0.296764237777232,0.0285348474008113,0.0345997697824918,1.0289458662988,0.96148078228814,1.10114483334115,"Overweight"
0.305492597711856,0.0281805573416806,0.0341699873659446,1.02858138557675,0.961950179714964,1.09982792151302,"Overweight"
0.314220957646481,0.0278262698024947,0.0337402165667805,1.02821703655477,0.962419786813714,1.0985126124242,"Overweight"
0.322949317581105,0.0274719848065393,0.0333104573399998,1.02785281920831,0.962889603775073,1.09719890402023,"Overweight"
0.33167767751573,0.0271177023771004,0.0328807096384584,1.02748873351281,0.963359630794009,1.09588679424486,"Overweight"
0.340406037450354,0.0267634225374639,0.0324509734127567,1.02712477944367,0.963829868069998,1.09457628103988,"Overweight"
0.349134397384979,0.0264091453109157,0.0320212486111299,1.02676095697631,0.96430031580724,1.09326736234486,"Overweight"
0.357862757319603,0.0260548707207417,0.0315915351793366,1.02639726608609,0.964770974214882,1.09196003609698,"Overweight"
0.366591117254228,0.0257005987902277,0.0311618330605489,1.0260337067484,0.965241843507235,1.09065430023078,"Overweight"
0.375319477188852,0.0253463295426597,0.0307321421952418,1.02567027893858,0.965712923904001,1.089350152678,"Overweight"
0.384047837123477,0.0249920630013235,0.0303024625210823,1.02530698263197,0.966184215630488,1.08804759136732,"Overweight"
0.392776197058101,0.0246377991895051,0.0298727939728195,1.02494381780389,0.966655718917838,1.0867466142242,"Overweight"
0.401504556992726,0.0242835381304904,0.0294431364821737,1.02458078442966,0.967127434003251,1.08544721917067,"Overweight"
0.41023291692735,0.0239292798475652,0.0290134899777261,1.02421788248455,0.967599361130203,1.08414940412511,"Overweight"
0.418961276861975,0.0235750243640155,0.0285838543848084,1.02385511194386,0.968071500548675,1.08285316700205,"Overweight"
0.427689636796599,0.0232207717031271,0.0281542296253921,1.02349247278282,0.968543852515378,1.08155850571202,"Overweight"
0.436417996731224,0.022866521888186,0.0277246156179786,1.0231299649767,0.969016417293974,1.08026541816128,"Overweight"
0.445146356665848,0.022512274942478,0.027295012277488,1.02276758850071,0.969489195155311,1.07897390225167,"Overweight"
0.453874716600472,0.022158030889289,0.0268654195151497,1.02240534333008,0.969962186377641,1.07768395588044,"Overweight"
0.462603076535097,0.021803789751905,0.0264358372383913,1.02204322943999,0.97043539124685,1.07639557693998,"Overweight"
0.471331436469721,0.0214495515536119,0.0260062653507287,1.02168124680564,0.970908810056691,1.07510876331772,"Overweight"
0.480059796404346,0.0210953163176955,0.0255767037516556,1.02131939540219,0.971382443109005,1.07382351289588,"Overweight"
0.48878815633897,0.0207410840674417,0.0251471523365334,1.02095767520479,0.971856290713956,1.07253982355131,"Overweight"
0.497516516273595,0.0203868548261364,0.0247176109964811,1.02059608618858,0.972330353190255,1.07125769315528,"Overweight"
0.506244876208219,0.0200326286170656,0.0242880796182649,1.02023462832868,0.972804630865397,1.06997711957334,"Overweight"
0.514973236142844,0.0196784054635151,0.0238585580841883,1.0198733016002,0.973279124075887,1.0686981006651,"Overweight"
0.523701596077468,0.0193241853887708,0.0234290462719822,1.01951210597822,0.973753833167472,1.06742063428405,"Overweight"
0.532429956012093,0.0189699684161186,0.0229995440546949,1.01915104143783,0.974228758495372,1.06614471827743,"Overweight"
0.541158315946717,0.0186157545688445,0.022570051300582,1.01879010795408,0.974703900424516,1.06487035048596,"Overweight"
0.549886675881342,0.0182615438702342,0.022140567872997,1.01842930550202,0.975179259329771,1.06359752874378,"Overweight"
0.558615035815966,0.0179073363435738,0.0217110936302816,1.01806863405668,0.975654835596176,1.06232625087817,"Overweight"
0.567343395750591,0.0175531320121491,0.0212816284256562,1.01770809359308,0.976130629619175,1.06105651470945,"Overweight"
0.576071755685215,0.017198930899246,0.0208521721071103,1.01734768408621,0.976606641804853,1.05978831805077,"Overweight"
0.584800115619839,0.0168447330281504,0.0204227245172937,1.01698740551106,0.977082872570169,1.05852165870797,"Overweight"
0.593528475554464,0.0164905384221482,0.0199932854934071,1.0166272578426,0.977559322343188,1.05725653447938,"Overweight"
0.602256835489088,0.0161363471045252,0.0195638548670938,1.01626724105579,0.978035991563319,1.0559929431557,"Overweight"
0.610985195423713,0.0157821590985675,0.0191344324643308,1.01590735512556,0.978512880681552,1.05473088251977,"Overweight"
0.619713555358337,0.0154279744275609,0.0187050181053207,1.01554760002685,0.978989990160684,1.0534703503465,"Overweight"
0.628441915292962,0.0150737931147913,0.0182756116043839,1.01518797573455,0.979467320475565,1.05221134440261,"Overweight"
0.637170275227586,0.0147196151835445,0.0178462127698509,1.01482848222357,0.979944872113324,1.05095386244656,"Overweight"
0.645898635162211,0.0143654406571066,0.0174168214039557,1.01446911946879,0.980422645573609,1.04969790222834,"Overweight"
0.654626995096835,0.0140112695587633,0.0169874373027287,1.01410988744506,0.980900641368818,1.04844346148934,"Overweight"
0.66335535503146,0.0136571019118006,0.0165580602558917,1.01375078612725,0.981378860024334,1.04719053796221,"Overweight"
0.672083714966084,0.0133029377395044,0.0161286900467523,1.01339181549019,0.981857302078758,1.04593912937069,"Overweight"
0.680812074900709,0.0129487770651606,0.0156993264520997,1.0130329755087,0.982335968084139,1.04468923342946,"Overweight"
0.689540434835333,0.012594619912055,0.0152699692421022,1.01267426615758,0.982814858606206,1.04344084784406,"Overweight"
0.698268794769958,0.0122404663034736,0.0148406181802049,1.01231568741163,0.983293974224595,1.04219397031066,"Overweight"
0.706997154704582,0.0118863162627022,0.0144112730230299,1.01195723924562,0.983773315533074,1.04094859851603,"Overweight"
0.715725514639207,0.0115321698130269,0.0139819335202779,1.01159892163432,0.984252883139768,1.03970473013733,"Overweight"
0.724453874573831,0.0111780269777334,0.0135525994146326,1.01124073455247,0.984732677667375,1.03846236284203,"Overweight"
0.733182234508455,0.0108238877801076,0.013123270441667,1.01088267797481,0.985212699753384,1.0372214942878,"Overweight"
0.74191059444308,0.0104697522434355,0.0126939463297546,1.01052475187605,0.985692950050277,1.03598212212237,"Overweight"
0.750638954377704,0.010115620391003,0.0122646267999842,1.01016695623089,0.986173429225733,1.03474424398349,"Overweight"
0.759367314312329,0.0097614922460959,0.01183531156608,1.00980929101403,0.986654137962816,1.03350785749879,"Overweight"
0.768095674246953,0.00940736783200015,0.0114060003343291,1.00945175620014,0.98713507696015,1.03227296028575,"Overweight"
0.776824034181578,0.00905324717200167,0.010976692803518,1.00909435176388,0.987616246932082,1.03103954995163,"Overweight"
0.785552394116202,0.00869913028938631,0.0105473886648803,1.0087370776799,0.988097648608818,1.02980762409346,"Overweight"
0.794280754050827,0.00834501720743999,0.0101180876020587,1.00837993392282,0.988579282736533,1.02857718029803,"Overweight"
0.803009113985451,0.00799090794944862,0.00968878929108711,1.00802292046726,0.989061150077444,1.02734821614192,"Overweight"
0.811737473920076,0.00763680253869808,0.00925949340039807,1.00766603728782,0.989543251409833,1.02612072919166,"Overweight"
0.8204658338547,0.00728270099847426,0.00883019959086416,1.0073092843591,0.990025587528005,1.0248947170038,"Overweight"
0.829194193789325,0.00692860335105922,0.00840090751671416,1.00695266165464,0.990508159239549,1.02367017712587,"Overweight"
0.837922553723949,0.00657450959638441,0.00797161684538958,1.00659616912551,0.990990967305651,1.02244710711439,"Overweight"
0.846650913658574,0.00622041971243375,0.00754232726620026,1.00623980670069,0.991474012424555,1.02122550455258,"Overweight"
0.855379273593198,0.00586633367626786,0.00711303847666321,1.00588357430828,0.991957295278825,1.02000536704436,"Overweight"
0.864107633527822,0.00551225146494726,0.00668375018170582,1.00552747187645,0.992440816537769,1.01878669221356,"Overweight"
0.872835993462447,0.0051581730555326,0.00625446209355633,1.0051714993334,0.992924576857624,1.01756947770367,"Overweight"
0.881564353397071,0.00480409842508445,0.00582517393163368,1.00481565660739,0.99340857688173,1.01635372117745,"Overweight"
0.890292713331696,0.0044500275506634,0.0053958854224377,1.00445994362675,0.993892817240719,1.01513942031667,"Overweight"
0.89902107326632,0.00409596040933005,0.00496659629943913,1.00410436031982,0.994377298552689,1.01392657282174,"Overweight"
0.907749433200945,0.00374189697814498,0.00453730630296969,1.00374890661503,0.994862021423392,1.01271517641147,"Overweight"
0.916477793135569,0.00338783723416877,0.00410801518011203,1.00339358244084,0.995346986446416,1.0115052288227,"Overweight"
0.925206153070194,0.00303378115446204,0.0036787226845899,1.00303838772577,0.995832194203368,1.01029672781,"Overweight"
0.933934513004818,0.00267972871608536,0.00324942857665794,1.0026833223984,0.996317645264059,1.00908967114542,"Overweight"
0.942662872939443,0.00232567989609933,0.00282013262299179,1.00232838638733,0.996803340186687,1.00788405661809,"Overweight"
0.951391232874067,0.00197163467156453,0.00239083459657795,1.00197357962124,0.997289279518028,1.00667988203401,"Overweight"
0.960119592808692,0.00161759301954158,0.00196153427660384,1.00161890202885,0.997775463793616,1.0054771452157,"Overweight"
0.968847952743316,0.00126355491709102,0.00153223144834757,1.00126435353894,0.998261893537933,1.0042758440019,"Overweight"
0.977576312677941,0.000909520341273491,0.00110292590306801,1.00090993408032,0.998748569264596,1.0030759762473,"Overweight"
0.986304672612565,0.000555489269149549,0.000673617437894554,1.00055564358189,0.999235491476548,1.00187753982221,"Overweight"
0.99503303254719,0.000201461677779804,0.000244305855717146,1.00020148197255,0.999722660666239,1.0006805326123,"Overweight"
1,0,0,1,1,1,"Overweight"
1.00376139248181,-0.000152562455775171,0.000185009034923974,0.999847449181284,0.999484952518289,1.00021007731583,"Overweight"
1.01248975241644,-0.000506583154454747,0.000614327419948258,0.999493545137127,0.998290797455658,1.00069774189735,"Overweight"
1.02121811235106,-0.000860600441198383,0.00104364947984518,0.999139769769153,0.997098065354367,1.00118565487294,"Overweight"
1.02994647228569,-0.00121461433894546,0.00147297538978419,0.99878612300649,0.995906754158563,1.001673816695,"Overweight"
1.03867483222031,-0.00156862487063537,0.00190230531972496,0.99843260477832,0.994716861826299,1.00216222780639,"Overweight"
1.04740319215494,-0.00192263205920757,0.00233163943452762,0.998079215013873,0.993528386329248,1.00265088864063,"Overweight"
1.05613155208956,-0.00227663592760144,0.00276097789406279,0.99772595364243,0.992341325652426,1.00313979962209,"Overweight"
1.06485991202419,-0.00263063649875639,0.00319032085332184,0.997372820593323,0.991155677793912,1.0036289611662,"Overweight"
1.07358827195881,-0.00298463379561184,0.00361966846252709,0.997019815795934,0.989971440764565,1.00411837367959,"Overweight"
1.08231663189343,-0.00333862784110719,0.00404902086724196,0.996666939179697,0.988788612587757,1.00460803756037,"Overweight"
1.09104499182806,-0.00369261865818184,0.00447837820848114,0.996314190674095,0.987607191299092,1.00509795319824,"Overweight"
1.09977335176268,-0.0040466062697752,0.00490774062282088,0.995961570208662,0.986427174946137,1.00558812097474,"Overweight"
1.10850171169731,-0.00440059069882669,0.00533710824250915,0.995609077712982,0.985248561588149,1.00607854126343,"Overweight"
1.11723007163193,-0.00475457196827573,0.00576648119557583,0.995256713116691,0.984071349295811,1.00656921443009,"Overweight"
1.12595843156656,-0.00510855010106173,0.00619585960594292,0.994904476349474,0.982895536150957,1.00706014083291,"Overweight"
1.13468679150118,-0.00546252512012407,0.00662524359353477,0.994552367341066,0.981721120246316,1.0075513208227,"Overweight"
1.14341515143581,-0.00581649704840218,0.0070546332743883,0.994200386021253,0.980548099685239,1.00804275474309,"Overweight"
1.15214351137043,-0.00617046590883545,0.0074840287607632,0.993848532319872,0.979376472581444,1.0085344429307,"Overweight"
1.16087187130505,-0.00652443172436334,0.00791343016125221,0.993496806166807,0.978206237058752,1.00902638571539,"Overweight"
1.16960023123968,-0.0068783945179252,0.00834283758089121,0.993145207491997,0.977037391250827,1.00951858342042,"Overweight"
1.1783285911743,-0.00723235431246046,0.00877225112126958,0.992793736225428,0.975869933300926,1.01001103636268,"Overweight"
1.18705695110893,-0.00758631113090853,0.00920167088064034,0.992442392297136,0.974703861361633,1.01050374485285,"Overweight"
1.19578531104355,-0.00794026499620884,0.00963109695403043,0.992091175637209,0.973539173594615,1.01099670919566,"Overweight"
1.20451367097818,-0.00829421593130076,0.0100605294333508,0.991740086175783,0.972375868170364,1.01148992969006,"Overweight"
1.2132420309128,-0.00864816395912373,0.0104899684075069,0.991389123843044,0.97121394326795,1.01198340662941,"Overweight"
1.22197039084743,-0.00900210910261715,0.0109194139625086,0.991038288569231,0.970053397074769,1.01247714030172,"Overweight"
1.23069875078205,-0.00935605138472042,0.0113488661815804,0.99068758028463,0.968894227786298,1.01297113098984,"Overweight"
1.23942711071667,-0.00970999082837296,0.0117783251452722,0.990336998919577,0.967736433605851,1.01346537897166,"Overweight"
1.2481554706513,-0.0100639274565142,0.0122077909315686,0.989986544404459,0.96658001274433,1.01395988452031,"Overweight"
1.25688383058592,-0.0104178612920835,0.012637263616,0.989636216669713,0.965424963419989,1.0144546479044,"Overweight"
1.26561219052055,-0.0107717923580203,0.0130667432717522,0.989286015645824,0.964271283858188,1.01494966938818,"Overweight"
1.27434055045517,-0.011125720677264,0.0134962299697771,0.988935941263328,0.963118972291158,1.01544494923181,"Overweight"
1.2830689103898,-0.011479646272754,0.0139257237789021,0.988585993452812,0.961968026957761,1.01594048769148,"Overweight"
1.29179727032442,-0.0118335691674297,0.0143552247659416,0.988236172144909,0.960818446103255,1.01643628501973,"Overweight"
1.30052563025905,-0.0121874893842306,0.0147847329958057,0.987886477270307,0.959670227979059,1.01693234146556,"Overweight"
1.30925399019367,-0.012541406946096,0.0152142485316117,0.987536908759738,0.958523370842523,1.01742865727471,"Overweight"
1.3179823501283,-0.0128953218759654,0.0156437714347935,0.987187466543986,0.957377872956692,1.01792523268983,"Overweight"
1.32671071006292,-0.0132492341967781,0.0160733017652119,0.986838150553887,0.956233732590083,1.01842206795071,"Overweight"
1.33543906999754,-0.0136031439314736,0.0165028395812653,0.986488960720323,0.955090948016449,1.01891916329449,"Overweight"
1.34416742993217,-0.0139570511029913,0.0169323849399991,0.986139896974226,0.953949517514561,1.01941651895588,"Overweight"
1.35289578986679,-0.0143109557342705,0.0173619378972164,0.985790959246578,0.952809439367977,1.01991413516736,"Overweight"
1.36162414980142,-0.0146648578482508,0.0177914985075883,0.985442147468412,0.951670711864821,1.0204120121594,"Overweight"
1.37035250973604,-0.0150187574678714,0.0182210668247635,0.985093461570807,0.950533333297561,1.02091015016069,"Overweight"
1.37908086967067,-0.0153726546160719,0.0186506429014789,0.984744901484894,0.949397301962788,1.02140854939832,"Overweight"
1.38780922960529,-0.0157265493157916,0.0190802267896696,0.984396467141853,0.948262616161,1.02190721009805,"Overweight"
1.39653758953992,-0.0160804415899699,0.0195098185405793,0.984048158472911,0.947129274196381,1.02240613248445,"Overweight"
1.40526594947454,-0.0164343314615463,0.0199394182048702,0.983699975409348,0.945997274376586,1.02290531678122,"Overweight"
1.41399430940916,-0.0167882189534601,0.0203690258327329,0.98335191788249,0.944866615012532,1.02340476321131,"Overweight"
1.42272266934379,-0.0171421040886508,0.0207986414739972,0.983003985823713,0.943737294418176,1.0239044719972,"Overweight"
1.43145102927841,-0.0174959868900578,0.0212282651782418,0.982656179164443,0.942609310910313,1.02440444336109,"Overweight"
1.44017938921304,-0.0178498673806204,0.0216578969949045,0.982308497836153,0.94148266280836,1.02490467752515,"Overweight"
1.44890774914766,-0.0182037455832781,0.0220875369733923,0.981960941770369,0.94035734843415,1.0254051747117,"Overweight"
1.45763610908229,-0.0185576215209703,0.0225171851631915,0.981613510898661,0.939233366111726,1.02590593514347,"Overweight"
1.46636446901691,-0.0189114952166365,0.0229468416139782,0.981266205152652,0.938110714167136,1.02640695904379,"Overweight"
1.47509282895154,-0.0192653666932159,0.0233765063757277,0.980919024464011,0.936989390928227,1.02690824663684,"Overweight"
1.48382118888616,-0.0196192359736481,0.0238061794988252,0.980571968764459,0.935869394724442,1.02740979814787,"Overweight"
1.49254954882078,-0.0199731030808724,0.0242358610341755,0.980225037985763,0.934750723886625,1.02791161380339,"Overweight"
1.50127790875541,-0.0203269680378282,0.0246655510333137,0.97987823205974,0.933633376746814,1.02841369383145,"Overweight"
1.51000626869003,-0.020680830867455,0.0250952495485144,0.979531550918256,0.932517351638048,1.02891603846182,"Overweight"
1.51873462862466,-0.0210346915926922,0.0255249566329025,0.979184994493226,0.93140264689417,1.02941864792622,"Overweight"
1.52746298855928,-0.0213885502364791,0.0259546723405629,0.978838562716612,0.930289260849627,1.02992152245859,"Overweight"
1.53619134849391,-0.0217424068217553,0.0263843967266509,0.978492255520427,0.929177191839285,1.03042466229526,"Overweight"
1.54491970842853,-0.02209626137146,0.0268141298475017,0.978146072836731,0.928066438198228,1.03092806767522,"Overweight"
1.55364806836316,-0.0224501139085327,0.027243871760741,0.977800014597634,0.926956998261573,1.03143173884032,"Overweight"
1.56237642829778,-0.0228039644559128,0.0276736225253949,0.977454080735293,0.925848870364276,1.03193567603551,"Overweight"
1.5711047882324,-0.0231578130365397,0.0281033822019998,0.977108271181915,0.92474205284095,1.0324398795091,"Overweight"
1.57983314816703,-0.0235116596733529,0.0285331508527125,0.976762585869755,0.923636544025671,1.03294434951293,"Overweight"
1.58856150810165,-0.0238655043892917,0.0289629285414204,0.976417024731115,0.922532342251799,1.03344908630265,"Overweight"
1.59728986803628,-0.0242193472072956,0.029392715333851,0.976071587698348,0.92142944585179,1.03395409013792,"Overweight"
1.6060182279709,-0.0245731881503038,0.0298225112976828,0.975726274703854,0.920327853157015,1.03445936128267,"Overweight"
1.61474658790553,-0.024927027241256,0.0302523165026543,0.975381085680081,0.91922756249758,1.03496490000533,"Overweight"
1.62347494784015,-0.0252808645030915,0.0306821310206747,0.975036020559527,0.918128572202143,1.03547070657904,"Overweight"
1.63220330777478,-0.0256346999587496,0.0311119549259338,0.974691079274736,0.91703088059774,1.0359767812819,"Overweight"
1.6409316677094,-0.0259885336311698,0.0315417882950115,0.974346261758303,0.915934486009603,1.0364831243972,"Overweight"
1.64966002764402,-0.0263423655432915,0.0319716312069884,0.974001567942868,0.914839386760988,1.03698973621368,"Overweight"
1.65838838757865,-0.0266961957179542,0.0324014837440765,0.97365699776122,0.913745581172159,1.0374966170269,"Overweight"
1.66711674751327,-0.0270500241726315,0.0328313460185796,0.973312551151416,0.912653067516991,1.03800376719957,"Overweight"
1.6758451074479,-0.027403850916824,0.0332612181831612,0.972968228059312,0.911561844007297,1.03851118718534,"Overweight"
1.68457346738252,-0.027757675959385,0.033691100390645,0.972624028431423,0.910471908858271,1.03901887743956,"Overweight"
1.69330182731715,-0.0281114993091678,0.0341209927904159,0.972279952214294,0.90938326029431,1.03952683841122,"Overweight"
1.70203018725177,-0.0284653209750256,0.0345508955282804,0.971935999354496,0.908295896549219,1.04003507054271,"Overweight"
1.7107585471864,-0.0288191409658118,0.0349808087463463,0.971592169798632,0.907209815866382,1.04054357426954,"Overweight"
1.71948690712102,-0.0291729592903796,0.0354107325829169,0.971248463493331,0.906125016498904,1.04105235002007,"Overweight"
1.72821526705564,-0.0295267759575825,0.0358406671724013,0.970904880385251,0.905041496709723,1.04156139821536,"Overweight"
1.73694362699027,-0.0298805909762736,0.0362706126452369,0.97056142042108,0.903959254771702,1.04207071926897,"Overweight"
0,-0.0314722584154357,0.050354006414805,0.969017838171169,0.877949581734486,1.06953245406056,"Obese"
0.00872835993462447,-0.0311976132741157,0.0499142850399621,0.969284010762107,0.878947937795686,1.06890459960038,"Obese"
0.0174567198692489,-0.0309229675245742,0.0494745682335047,0.969550257055794,0.879947421788708,1.06827712392875,"Obese"
0.0261850798038734,-0.0306483211566559,0.0490348559658271,0.969816577082648,0.880948035039536,1.0676500267602,"Obese"
0.0349134397384979,-0.0303736741602052,0.0485951482089157,0.970082970873105,0.881949778873088,1.06702330781287,"Obese"
0.0436417996731223,-0.0300990265250667,0.0481554449362896,0.970349438457614,0.882952654613305,1.06639696680835,"Obese"
0.0523701596077468,-0.0298243782410849,0.0477157461229409,0.970615979866644,0.883956663583238,1.06577100347157,"Obese"
0.0610985195423713,-0.0295497292981044,0.0472760517452756,0.970882595130679,0.884961807105143,1.06514541753065,"Obese"
0.0698268794769958,-0.0292750796859698,0.0468363617810534,0.971149284280219,0.885968086500568,1.06452020871677,"Obese"
0.0785552394116202,-0.0290004293945256,0.0463966762093289,0.971416047345782,0.886975503090452,1.06389537676405,"Obese"
0.0872835993462447,-0.0287257784136163,0.0459569950103913,0.971682884357903,0.887984058195213,1.06327092140941,"Obese"
0.0960119592808692,-0.0284511267330865,0.0455173181657054,0.971949795347132,0.888993753134841,1.06264684239243,"Obese"
0.104740319215494,-0.0281764743427807,0.045077645657852,0.972216780344037,0.890004589228997,1.06202313945521,"Obese"
0.113468679150118,-0.0279018212325436,0.0446379774704682,0.972483839379202,0.891016567797104,1.06139981234229,"Obese"
0.122197039084743,-0.0276271673922195,0.0441983135881877,0.972750972483228,0.892029690158444,1.06077686080044,"Obese"
0.130925399019367,-0.0273525128116531,0.0437586539965816,0.973018179686732,0.893043957632256,1.06015428457862,"Obese"
0.139653758953992,-0.027077857480689,0.0433189986820987,0.973285461020349,0.89405937153783,1.05953208342776,"Obese"
0.148382118888616,-0.0268032013891716,0.042879347632006,0.973552816514731,0.895075933194607,1.05891025710072,"Obese"
0.15711047882324,-0.0265285445269455,0.042439700834329,0.973820246200544,0.896093643922276,1.05828880535207,"Obese"
0.165838838757865,-0.0262538868838554,0.0420000582777923,0.974087750108474,0.897112505040875,1.05766772793804,"Obese"
0.174567198692489,-0.0259792284497456,0.04156041995176,0.974355328269221,0.898132517870889,1.05704702461636,"Obese"
0.183295558627114,-0.0257045692144608,0.0411207858461761,0.974622980713505,0.899153683733351,1.05642669514611,"Obese"
0.192023918561738,-0.0254299091678456,0.040681155951505,0.974890707472059,0.900176003949946,1.05580673928764,"Obese"
0.200752278496363,-0.0251552482997443,0.0402415302586721,0.975158508575635,0.901199479843106,1.05518715680241,"Obese"
0.209480638430987,-0.0248805866000017,0.0398019087590037,0.975426384055002,0.902224112736122,1.05456794745287,"Obese"
0.218208998365612,-0.0246059240584623,0.0393622914441683,0.975694333940945,0.903249903953237,1.05394911100234,"Obese"
0.226937358300236,-0.0243312606649706,0.0389226783061162,0.975962358264266,0.904276854819761,1.05333064721489,"Obese"
0.235665718234861,-0.0240565964093711,0.0384830693370204,0.976230457055784,0.905304966662165,1.05271255585521,"Obese"
0.244394078169485,-0.0237819312815085,0.0380434645292172,0.976498630346334,0.906334240808196,1.05209483668847,"Obese"
0.25312243810411,-0.0235072652712272,0.0376038638751461,0.976766878166769,0.907364678586976,1.05147748948022,"Obese"
0.261850798038734,-0.0232325983683717,0.0371642673672905,0.977035200547959,0.908396281329114,1.05086051399625,"Obese"
0.270579157973359,-0.0229579305627868,0.0367246749981186,0.977303597520789,0.909429050366807,1.05024391000248,"Obese"
0.279307517907983,-0.0226832618443168,0.036285086760023,0.977572069116163,0.910462987033959,1.04962767726483,"Obese"
0.288035877842607,-0.0224085922028064,0.0358455026452618,0.977840615365,0.911498092666278,1.04901181554911,"Obese"
0.296764237777232,-0.0221339216281001,0.0354059226458988,0.978109236298238,0.912534368601396,1.04839632462086,"Obese"
0.305492597711856,-0.0218592501100425,0.034966346753744,0.97837793194683,0.913571816178971,1.04778120424529,"Obese"
0.314220957646481,-0.021584577638478,0.034526774960294,0.978646702341746,0.914610436740807,1.04716645418709,"Obese"
0.322949317581105,-0.0213099042032512,0.0340872072566725,0.978915547513975,0.915650231630957,1.04655207421037,"Obese"
0.33167767751573,-0.0210352297942068,0.0336476436335707,0.97918446749452,0.916691202195843,1.04593806407852,"Obese"
0.340406037450354,-0.0207605544011892,0.0332080840811877,0.979453462314404,0.917733349784365,1.04532442355406,"Obese"
0.349134397384979,-0.0204858780140429,0.0327685285891713,0.979722532004664,0.918776675748018,1.04471115239856,"Obese"
0.357862757319603,-0.0202112006226127,0.032328977146558,0.979991676596355,0.919821181441005,1.04409825037252,"Obese"
0.366591117254228,-0.0199365222167428,0.0318894297417137,0.980260896120551,0.920866868220354,1.04348571723522,"Obese"
0.375319477188852,-0.0196618427862781,0.0314498863622743,0.980530190608339,0.921913737446034,1.04287355274463,"Obese"
0.384047837123477,-0.0193871623210628,0.0310103469950857,0.980799560090827,0.922961790481073,1.04226175665729,"Obese"
0.392776197058101,-0.0191124808109418,0.0305708116261451,0.981069004599137,0.924011028691672,1.04165032872818,"Obese"
0.401504556992726,-0.0188377982457593,0.0301312802405405,0.981338524164409,0.925061453447331,1.04103926871061,"Obese"
0.41023291692735,-0.0185631146153602,0.029691752822392,0.981608118817801,0.926113066120962,1.04042857635611,"Obese"
0.418961276861975,-0.0182884299095888,0.0292522293547917,0.981877788590487,0.927165868089013,1.03981825141431,"Obese"
0.427689636796599,-0.0180137441182897,0.0288127098197447,0.982147533513658,0.928219860731586,1.03920829363281,"Obese"
0.436417996731224,-0.0177390572313074,0.0283731941981095,0.982417353618521,0.929275045432563,1.03859870275712,"Obese"
0.445146356665848,-0.0174643692384866,0.0279336824695381,0.982687248936304,0.930331423579722,1.03798947853044,"Obese"
0.453874716600472,-0.0171896801296717,0.0274941746124172,0.982957219498247,0.931388996564868,1.03738062069368,"Obese"
0.462603076535097,-0.0169149898947074,0.0270546706038083,0.98322726533561,0.932447765783951,1.03677212898522,"Obese"
0.471331436469721,-0.0166402985234381,0.0266151704193884,0.98349738647967,0.933507732637195,1.0361640031409,"Obese"
0.480059796404346,-0.0163656060057085,0.0261756740333907,0.983767582961719,0.934568898529219,1.03555624289383,"Obese"
0.48878815633897,-0.0160909123313629,0.0257361814185449,0.984037854813069,0.935631264869168,1.03494884797433,"Obese"
0.497516516273595,-0.0158162174902461,0.0252966925460184,0.984308202065048,0.936694833070838,1.03434181810978,"Obese"
0.506244876208219,-0.0155415214722026,0.0248572073853562,0.984578624749,0.937759604552803,1.03373515302455,"Obese"
0.514973236142844,-0.0152668242670768,0.0244177259044222,0.984849122896286,0.938825580738544,1.03312885243985,"Obese"
0.523701596077468,-0.0149921258647134,0.0239782480693397,0.985119696538287,0.93989276305658,1.03252291607364,"Obese"
0.532429956012093,-0.0147174262549569,0.0235387738444322,0.985390345706398,0.940961152940596,1.03191734364051,"Obese"
0.541158315946717,-0.0144427254276518,0.0230993031921641,0.985661070432033,0.942030751829574,1.0313121348516,"Obese"
0.549886675881342,-0.0141680233726428,0.0226598360730816,0.985931870746621,0.943101561167927,1.03070728941445,"Obese"
0.558615035815966,-0.0138933200797742,0.0222203724457536,0.986202746681612,0.944173582405628,1.03010280703291,"Obese"
0.567343395750591,-0.0136186155388908,0.0217809122667127,0.986473698268469,0.945246816998344,1.02949868740703,"Obese"
0.576071755685215,-0.013343909739837,0.0213414554903962,0.986744725538674,0.946321266407571,1.02889493023297,"Obese"
0.584800115619839,-0.0130692026724573,0.0209020020690872,0.987015828523727,0.947396932100766,1.02829153520286,"Obese"
0.593528475554464,-0.0127944943265965,0.020462551952856,0.987287007255145,0.948473815551484,1.02768850200474,"Obese"
0.602256835489088,-0.0125197846920989,0.020023105089501,0.987558261764459,0.949551918239512,1.02708583032238,"Obese"
0.610985195423713,-0.0122450737588091,0.0195836614244905,0.987829592083223,0.950631241651008,1.02648351983528,"Obese"
0.619713555358337,-0.0119703615165717,0.0191442209009043,0.988100998243003,0.951711787278632,1.02588157021846,"Obese"
0.628441915292962,-0.0116956479552313,0.0187047834593752,0.988372480275385,0.95279355662169,1.02527998114243,"Obese"
0.637170275227586,-0.0114209330646323,0.0182653490380311,0.988644038211972,0.953876551186268,1.02467875227306,"Obese"
0.645898635162211,-0.0111462168346193,0.0178259175724374,0.988915672084382,0.954960772485369,1.02407788327147,"Obese"
0.654626995096835,-0.0108714992550369,0.0173864889955391,0.989187381924254,0.956046222039055,1.02347737379395,"Obese"
0.66335535503146,-0.0105967803157296,0.0169470632376038,0.989459167763242,0.957132901374583,1.02287722349185,"Obese"
0.672083714966084,-0.010322060006542,0.0165076402261648,0.989731029633017,0.958220812026543,1.02227743201146,"Obese"
0.680812074900709,-0.0100473383173187,0.0160682198859649,0.990002967565269,0.959309955537002,1.02167799899397,"Obese"
0.689540434835333,-0.00977261523790404,0.0156288021389003,0.990274981591702,0.960400333455634,1.02107892407531,"Obese"
0.698268794769958,-0.00949789075814274,0.0151893869039658,0.990547071744042,0.961491947339868,1.02048020688609,"Obese"
0.706997154704582,-0.00922316486787929,0.0147499740971998,0.990819238054029,0.962584798755015,1.01988184705151,"Obese"
0.715725514639207,-0.00894843755695826,0.0143105636316318,0.991091480553421,0.963678889274414,1.01928384419124,"Obese"
0.724453874573831,-0.00867370881522419,0.0138711554172294,0.991363799273994,0.964774220479561,1.01868619791939,"Obese"
0.733182234508455,-0.00839897863252161,0.0134317493608478,0.99163619424754,0.965870793960243,1.01808890784436,"Obese"
0.74191059444308,-0.0081242469986951,0.0129923453661808,0.991908665505871,0.96696861131467,1.01749197356879,"Obese"
0.750638954377704,-0.00784951390358919,0.0125529433337142,0.992181213080813,0.968067674149603,1.01689539468951,"Obese"
0.759367314312329,-0.00757477933704843,0.0121135431606814,0.992453837004211,0.969167984080471,1.01629917079741,"Obese"
0.768095674246953,-0.00730004328891735,0.0116741447410235,0.992726537307929,0.970269542731494,1.01570330147745,"Obese"
0.776824034181578,-0.00702530574904055,0.0112347479653529,0.992999314023845,0.971372351735786,1.01510778630853,"Obese"
0.785552394116202,-0.00675056670726253,0.0107953527209233,0.993272167183858,0.972476412735459,1.01451262486353,"Obese"
0.794280754050827,-0.00647582615342784,0.0103559588916067,0.993545096819882,0.973581727381701,1.0139178167092,"Obese"
0.803009113985451,-0.00620108407738106,0.00991656635788109,0.993818102963848,0.974688297334845,1.01332336140623,"Obese"
0.811737473920076,-0.00592634046896672,0.00947717499683001,0.994091185647707,0.975796124264413,1.01272925850921,"Obese"
0.8204658338547,-0.00565159531802936,0.00903778468216011,0.994364344903426,0.976905209849118,1.01213550756673,"Obese"
0.829194193789325,-0.00537684861463122,0.00859839528476148,0.994637580762772,0.978015555775627,1.01154210812224,"Obese"
0.837922553723949,-0.00510210035368068,0.00815900668470193,0.994910893252709,0.979127163711039,1.01094905973319,"Obese"
0.846650913658574,-0.004827350534845,0.0077196187747917,0.995184282395476,0.980240035296001,1.01035636197815,"Obese"
0.855379273593198,-0.00455259915799167,0.00728023145124244,0.995457748213122,0.981354172166993,1.00976401444281,"Obese"
0.864107633527822,-0.00427784622298806,0.00684084461316349,0.995731290727699,0.982469575957453,1.00917201671921,"Obese"
0.872835993462447,-0.00400309172970168,0.0064014581625048,0.996004909961268,0.983586248297866,1.00858036840561,"Obese"
0.881564353397071,-0.00372833567799995,0.00596207200399934,0.996278605935895,0.984704190815845,1.00798906910634,"Obese"
0.890292713331696,-0.00345357806775032,0.00552268604510579,0.996552378673654,0.985823405136218,1.00739811843166,"Obese"
0.89902107326632,-0.00317881889882023,0.00508330019595118,0.996826228196625,0.986943892881112,1.00680751599768,"Obese"
0.907749433200945,-0.00290405817107715,0.00464391436927346,0.997100154526893,0.988065655670038,1.00621726142617,"Obese"
0.916477793135569,-0.00262929588438848,0.00420452848036414,0.997374157686552,0.989188695119979,1.00562735434447,"Obese"
0.925206153070194,-0.00235453203862171,0.00376514244701096,0.997648237697701,0.990313012845477,1.00503779438535,"Obese"
0.933934513004818,-0.00207976663364428,0.0033257561894404,0.997922394582446,0.991438610458722,1.00444858118689,"Obese"
0.942662872939443,-0.00180499966932363,0.00288636963026039,0.9981966283629,0.992565489569638,1.00385971439233,"Obese"
0.951391232874067,-0.00153023114552719,0.00244698269440278,0.99847093906118,0.993693651785975,1.00327119364997,"Obese"
0.960119592808692,-0.00125546106212244,0.00200759530906616,0.998745326699414,0.994823098713399,1.00268301861303,"Obese"
0.968847952743316,-0.000980689418976788,0.00156820740365821,0.999019791299733,0.99595383195558,1.00209518893952,"Obese"
0.977576312677941,-0.000705916215957718,0.00112881890973853,0.999294332884276,0.997085853114286,1.00150770429211,"Obese"
0.986304672612565,-0.00043114145293265,0.000689429760961079,0.999568951475188,0.998219163789474,1.00092056433804,"Obese"
0.99503303254719,-0.000156365129769043,0.000250039893016885,0.999843647094621,0.999353765579385,1.00033376874894,"Obese"
1,0,0,1,1,1,"Obese"
1.00376139248181,0.00011841275366567,0.000189350756423443,1.00011841976473,0.999747317200753,1.00048966008063,"Obese"
1.01248975241644,0.00039319219750401,0.000628742247767007,1.00039326950769,0.999161209373578,1.0016268488883,"Obese"
1.02121811235106,0.000667973201878572,0.0010681346395562,1.00066819634566,0.998575444951566,1.00276533359604,"Obese"
1.02994647228569,0.000942755766921887,0.0015075279885259,1.00094320030082,0.997990023622788,1.00390511579617,"Obese"
1.03867483222031,0.0012175398927665,0.00194692234966102,1.00121828139537,0.997404945079115,1.00504619707974,"Obese"
1.04740319215494,0.00149232557954499,0.00238631777625389,1.00149343965148,0.996820209016092,1.00618857903668,"Obese"
1.05613155208956,0.00176711282738989,0.00282571431996161,1.00176867509136,0.99623581513282,1.00733226325587,"Obese"
1.06485991202419,0.00204190163643376,0.00326511203086352,1.00204398773721,0.99565176313183,1.00847725132521,"Obese"
1.07358827195881,0.00231669200680916,0.00370451095751855,1.00231937761124,0.995068052718965,1.00962354483179,"Obese"
1.08231663189343,0.00259148393864864,0.00414391114702268,1.00259484473567,0.994484683603258,1.01077114536192,"Obese"
1.09104499182806,0.00286627743208474,0.00458331264506629,1.00287038913273,0.99390165549681,1.01192005450127,"Obese"
1.09977335176268,0.00314107248725003,0.00502271549599165,1.00314601082464,0.99331896811467,1.01307027383496,"Obese"
1.10850171169731,0.00341586910427705,0.00546211974285026,1.00342170983364,0.992736621174719,1.01422180494766,"Obese"
1.11723007163193,0.00369066728329837,0.0059015254274603,1.00369748618198,0.992154614397546,1.01537464942371,"Obese"
1.12595843156656,0.00396546702444653,0.00634093259046402,1.0039733398919,0.991572947506331,1.01652880884718,"Obese"
1.13468679150118,0.00424026832785409,0.0067803412713851,1.00424927098566,0.990991620226725,1.01768428480203,"Obese"
1.14341515143581,0.00451507119365361,0.00721975150868618,1.00452527948553,0.990410632286735,1.01884107887218,"Obese"
1.15214351137043,0.00478987562197762,0.00765916333982615,1.00480136541378,0.989829983416605,1.01999919264161,"Obese"
1.16087187130505,0.00506468161295871,0.00809857680131767,1.00507752879268,0.989249673348694,1.02115862769452,"Obese"
1.16960023123968,0.0053394891667294,0.00853799192878443,1.00535376964452,0.988669701817368,1.02231938561534,"Obese"
1.1783285911743,0.00561429828342226,0.00897740875701873,1.00563008799158,0.988090068558876,1.02348146798896,"Obese"
1.18705695110893,0.00588910896316983,0.00941682732003876,1.00590648385616,0.987510773311236,1.02464487640071,"Obese"
1.19578531104355,0.00616392120610469,0.00985624765114609,1.00618295726057,0.98693181581412,1.02580961243659,"Obese"
1.20451367097818,0.00643873501235936,0.010295669782983,1.00645950822711,0.98635319580874,1.0269756776833,"Obese"
1.2132420309128,0.00671355038206642,0.01073509374759,1.00673613677811,0.985774913037729,1.02814307372836,"Obese"
1.22197039084743,0.00698836731535841,0.011174519576463,1.00701284293588,0.985196967245031,1.02931180216026,"Obese"
1.23069875078205,0.00726318581236788,0.0116139473006112,1.00728962672276,0.984619358175782,1.03048186456855,"Obese"
1.23942711071667,0.0075380058732274,0.0120533769506139,1.00756648816107,0.984042085576202,1.03165326254395,"Obese"
1.2481554706513,0.00781282749806951,0.0124928085566782,1.00784342727317,0.983465149193476,1.03282599767844,"Obese"
1.25688383058592,0.00808765068702677,0.0129322421486967,1.0081204440814,0.982888548775645,1.03400007156545,"Obese"
1.26561219052055,0.00836247544023173,0.0133716777563042,1.00839753860812,0.982312284071493,1.0351754857999,"Obese"
1.27434055045517,0.00863730175781695,0.0138111154089358,1.00867471087569,0.981736354830432,1.03635224197834,"Obese"
1.2830689103898,0.00891212963991495,0.0142505551358838,1.00895196090648,0.981160760802392,1.03753034169908,"Obese"
1.29179727032442,0.00918695908665835,0.0146899969663555,1.00922928872287,0.980585501737712,1.0387097865623,"Obese"
1.30052563025905,0.00946179009817964,0.0151294409295303,1.00950669434723,0.980010577387025,1.03989057817017,"Obese"
1.30925399019367,0.00973662267461142,0.0155688870546172,1.00978417780196,0.979435987501149,1.04107271812696,"Obese"
1.3179823501283,0.0100114568160862,0.0160083353709124,1.01006173910946,0.978861731830978,1.04225620803919,"Obese"
1.32671071006292,0.0102862925227366,0.0164477859078563,1.01033937829212,0.97828781012737,1.04344104951569,"Obese"
1.33543906999754,0.0105611297946951,0.0168872386950913,1.01061709537236,0.977714222141039,1.0446272441678,"Obese"
1.34416742993217,0.0108359686320943,0.0173266937625188,1.01089489037258,0.977140967622446,1.04581479360944,"Obese"
1.35289578986679,0.0111108090350667,0.0177661511403571,1.01117276331522,0.97656804632169,1.04700369945725,"Obese"
1.36162414980142,0.0113856510037449,0.0182056108591983,1.0114507142227,0.975995457988399,1.0481939633307,"Obese"
1.37035250973604,0.0116604945382614,0.0186450729500659,1.01172874311746,0.975423202371623,1.04938558685224,"Obese"
1.37908086967067,0.0119353396387489,0.0190845374444725,1.01200685002194,0.974851279219727,1.05057857164743,"Obese"
1.38780922960529,0.0122101863053397,0.0195240043744764,1.01228503495859,0.974279688280282,1.05177291934502,"Obese"
1.39653758953992,0.0124850345381666,0.0199634737727401,1.01256329794986,0.97370842929996,1.05296863157712,"Obese"
1.40526594947454,0.0127598843373621,0.0204029456725866,1.01284163901821,0.973137502024426,1.05416570997933,"Obese"
1.41399430940916,0.0130347357030587,0.0208424201080576,1.01312005818612,0.972566906198235,1.05536415619085,"Obese"
1.42272266934379,0.0133095886353889,0.0212818971139702,1.01339855547606,0.971996641564723,1.05656397185461,"Obese"
1.43145102927841,0.0135844431344854,0.0217213767259752,1.01367713091051,0.971426707865904,1.05776515861741,"Obese"
1.44017938921304,0.0138592992004806,0.0221608589806134,1.01395578451197,0.970857104842364,1.05896771813006,"Obese"
1.44890774914766,0.0141341568335071,0.022600343915374,1.01423451630292,0.970287832233157,1.0601716520475,"Obese"
1.45763610908229,0.0144090160336975,0.0230398315687512,1.01451332630586,0.969718889775699,1.06137696202892,"Obese"
1.46636446901691,0.0146838768011844,0.023479321980302,1.01479221454332,0.96915027720567,1.06258364973794,"Obese"
1.47509282895154,0.0149587391361002,0.0239188151907035,1.0150711810378,0.968581994256905,1.06379171684269,"Obese"
1.48382118888616,0.0152336030385776,0.0243583112418104,1.01535022581182,0.968014040661291,1.065001165016,"Obese"
1.49254954882078,0.0155084685087491,0.0247978101767121,1.01562934888792,0.967446416148668,1.06621199593548,"Obese"
1.50127790875541,0.0157833355467472,0.0252373120397903,1.01590855028863,0.966879120446726,1.06742421128371,"Obese"
1.51000626869003,0.0160582041527045,0.0256768168767763,1.01618783003648,0.966312153280901,1.06863781274835,"Obese"
1.51873462862466,0.0163330743267536,0.0261163247348084,1.01646718815404,0.965745514374275,1.06985280202229,"Obese"
1.52746298855928,0.0166079460690269,0.0265558356624892,1.01674662466385,0.965179203447474,1.07106918080379,"Obese"
1.53619134849391,0.0168828193796572,0.0269953497099432,1.01702613958848,0.964613220218569,1.07228695079659,"Obese"
1.54491970842853,0.0171576942587768,0.0274348669288738,1.0173057329505,0.964047564402975,1.07350611371013,"Obese"
1.55364806836316,0.0174325707065184,0.0278743873726211,1.01758540477248,0.963482235713349,1.0747266712596,"Obese"
1.56237642829778,0.0177074487230146,0.0283139110962189,1.017865155077,0.962917233859494,1.07594862516616,"Obese"
1.5711047882324,0.0179823283083978,0.0287534381564523,1.01814498388665,0.962352558548257,1.07717197715703,"Obese"
1.57983314816703,0.0182572094628006,0.0291929686119149,1.01842489122404,0.96178820948343,1.07839672896568,"Obese"
1.58856150810165,0.0185320921863557,0.0296325025230665,1.01870487711175,0.961224186365655,1.07962288233195,"Obese"
1.59728986803628,0.0188069764791954,0.0300720399522897,1.01898494157241,0.96066048889232,1.08085043900219,"Obese"
1.6060182279709,0.0190818623414524,0.0305115809639482,1.01926508462862,0.960097116757468,1.08207940072944,"Obese"
1.61474658790553,0.0193567497732593,0.0309511256244438,1.019545306303,0.959534069651694,1.08330976927355,"Obese"
1.62347494784015,0.0196316387747486,0.0313906740022732,1.0198256066182,0.958971347262051,1.08454154640136,"Obese"
1.63220330777478,0.0199065293460528,0.0318302261680863,1.02010598559684,0.958408949271952,1.08577473388681,"Obese"
1.6409316677094,0.0201814214873046,0.0322697821947429,1.02038644326156,0.957846875361075,1.08700933351114,"Obese"
1.64966002764402,0.0204563151986364,0.0327093421573701,1.02066697963501,0.957285125205265,1.08824534706301,"Obese"
1.65838838757865,0.0207312104801388,0.0331489061336058,1.02094759473982,0.956723698476053,1.08948277633902,"Obese"
1.66711674751327,0.021006107329653,0.0335884742130087,1.02122828859629,0.956162594820919,1.09072162316142,"Obese"
1.6758451074479,0.021281005741677,0.034028046499504,1.02150906122135,0.955601813857742,1.09196188938237,"Obese"
1.68457346738252,0.0215559057104374,0.034467623096343,1.02178991263162,0.955041355205971,1.09320357685512,"Obese"
1.69330182731715,0.0218308072301611,0.0349072041047597,1.02207084284374,0.954481218489396,1.09444668743152,"Obese"
1.70203018725177,0.0221057102950748,0.0353467896238908,1.02235185187435,0.953921403336286,1.09569122296174,"Obese"
1.7107585471864,0.0223806148994052,0.0357863797507055,1.02263293974008,0.953361909379507,1.09693718529418,"Obese"
1.71948690712102,0.0226555210373791,0.0362259745799446,1.02291410645757,0.952802736256621,1.09818457627526,"Obese"
1.72821526705564,0.0229304287032232,0.036665574204068,1.02319535204345,0.952243883609978,1.0994333977493,"Obese"
1.73694362699027,0.0232053378911643,0.0371051787132105,1.02347667651435,0.951685351086776,1.10068365155843,"Obese"
