"avDPI","log_estimate","se","ratio","lower","upper","sim_lower","sim_upper","reference","sim_critical"
0,-0.0121335852084651,0.223303820565403,0.987939729911871,0.637749903344889,1.53041953408265,0.569312034935525,1.7143936014788,1,2.46835462448081
0.00872835993462447,-0.011495535201788,0.219917022735966,0.988570286004905,0.642407205574811,1.52126439724066,0.574457745021833,1.70120643135324,1,2.46835462448081
0.0174567198692489,-0.0108632826376332,0.216561117714835,0.989195509731904,0.647055586884007,1.51224682439713,0.57960240505741,1.68823964140873,1,2.46835462448081
0.0261850798038734,-0.0102369231615299,0.213235917371796,0.989815295797318,0.651694541666204,1.50336431741383,0.584745373246052,1.67548879327699,1,2.46835462448081
0.0349134397384979,-0.00961655241900617,0.209941243710683,0.990429538756813,0.656323553330152,1.49461445694694,0.589885993445945,1.66294959049901,1,2.46835462448081
0.0436417996731223,-0.00900226605559068,0.206676928764958,0.991038133022837,0.66094209410828,1.4859949000986,0.595023594889631,1.65061787388039,1,2.46835462448081
0.0523701596077468,-0.0083941597168119,0.203442814485146,0.991640972870289,0.665549624883754,1.47750337812434,0.600157491924566,1.63848961698662,1,2.46835462448081
0.0610985195423713,-0.00779232904819817,0.200238752617833,0.992237952442305,0.670145595037091,1.46913769419376,0.605286983775893,1.62656092177165,1,2.46835462448081
0.0698268794769958,-0.00719686969527807,0.197064604575919,0.992828965756149,0.67472944231353,1.46089572120137,0.610411354333116,1.61482801433359,1,2.46835462448081
0.0785552394116202,-0.00660787730358011,0.193920241299781,0.993413906709212,0.679300592712422,1.45277539962496,0.615529871962393,1.60328724079138,1,2.46835462448081
0.0872835993462447,-0.00602544751863275,0.190805543108989,0.993992669085122,0.683858460399939,1.44477473542865,0.620641789346304,1.59193506327637,1,2.46835462448081
0.0960119592808692,-0.00544967598596462,0.187720399544181,0.994565146559963,0.688402447646481,1.43689179800797,0.625746343352969,1.58076805603302,1,2.46835462448081
0.104740319215494,-0.00488065835110392,0.184664709198656,0.995131232708601,0.69293194479021,1.4291247181741,0.63084275493651,1.56978290162309,1,2.46835462448081
0.113468679150118,-0.00431849025957931,0.181638379539236,0.995690821011116,0.697446330228209,1.42147168617461,0.635930229070935,1.55897638722754,1,2.46835462448081
0.122197039084743,-0.00376326735691919,0.178641326715895,0.996243804859352,0.701944970436837,1.41393094974807,0.641007954719607,1.54834540104075,1,2.46835462448081
0.130925399019367,-0.00321508528865215,0.175673475359614,0.996790077563569,0.706427220022924,1.40650081220956,0.646075104842561,1.53788692875159,1,2.46835462448081
0.139653758953992,-0.00267403970030658,0.172734758367889,0.997329532359201,0.710892421807528,1.39917963056459,0.651130836444036,1.52759805010604,1,2.46835462448081
0.148382118888616,-0.00214022623741109,0.169825116677275,0.997862062413728,0.71533990694405,1.39196581364845,0.656174290662704,1.51747593554594,1,2.46835462448081
0.15711047882324,-0.00161374054549406,0.166944499022295,0.998387560833656,0.719768995072606,1.38485782028834,0.661204592907171,1.50751784291873,1,2.46835462448081
0.165838838757865,-0.0010946782700839,0.164092861680009,0.998905920671604,0.724178994512628,1.37785415748535,0.666220853039457,1.49772111425292,1,2.46835462448081
0.174567198692489,-0.000583135056709287,0.161270168199476,0.999417034933494,0.728569202495756,1.37095337861344,0.671222165609282,1.48808317259397,1,2.46835462448081
0.183295558627114,-7.92065508985872e-05,0.158476389115315,0.999920796585857,0.732938905441207,1.36415408163252,0.676207610142089,1.47860151889566,1,2.46835462448081
0.192023918561738,0.00041701160181983,0.155711501644481,1.00041709856325,0.737287379275858,1.35745490731266,0.681176251483894,1.46927372896142,1,2.46835462448081
0.200752278496363,0.000905423755917145,0.152975489365355,1.00090583377574,0.741613889801433,1.35085453746633,0.686127140206162,1.46009745043069,1,2.46835462448081
0.209480638430987,0.00138593426586514,0.150268341878175,1.0013868951166,0.745917693111244,1.34435169318569,0.691059313074032,1.45107039980494,1,2.46835462448081
0.218208998365612,0.00185844748613531,0.147590054445776,1.00186017546995,0.750198036059065,1.33794513308172,0.69597179358138,1.44219035950819,1,2.46835462448081
0.226937358300236,0.00232286777119911,0.144940627613561,1.00232556771868,0.75445415678281,1.33163365152189,0.700863592556307,1.43345517497665,1,2.46835462448081
0.235665718234861,0.0027790994755281,0.142320066807551,1.00278296475231,0.758685285285808,1.3254160768633,0.705733708840805,1.42486275177237,1,2.46835462448081
0.244394078169485,0.00322704695359371,0.139728381909342,1.00323225947512,0.762890644078531,1.31929126967764,0.710581130048443,1.41641105271533,1,2.46835462448081
0.25312243810411,0.00366661455986752,0.13716558680668,1.00367334481427,0.767069448883788,1.31325812096484,0.715404833404093,1.40809809502875,1,2.46835462448081
0.261850798038734,0.00409770664882103,0.134631698918384,1.00410611372804,0.77122090940843,1.3073155503517,0.720203786669795,1.39992194749218,1,2.46835462448081
0.270579157973359,0.00452022757492583,0.132126738692239,1.00453045921423,0.775344230184753,1.30146250427207,0.724976949160979,1.39188072759688,1,2.46835462448081
0.279307517907983,0.00493408169265331,0.129650729074453,1.00494627431862,0.779438611484823,1.29569795412494,0.729723272857391,1.38397259869802,1,2.46835462448081
0.288035877842607,0.00533917335647499,0.127203694949253,1.00535345214354,0.78350325031105,1.29002089440684,0.734441703613107,1.37619576715835,1,2.46835462448081
0.296764237777232,0.00573540692086258,0.124785662547111,1.00575188585654,0.78753734146636,1.28443034081476,0.739131182470138,1.3685484794776,1,2.46835462448081
0.305492597711856,0.00612268674028736,0.122396658820105,1.0061414686992,0.79154007870738,1.27892532831609,0.743790647080138,1.36102901940243,1,2.46835462448081
0.314220957646481,0.00650091716922096,0.120036710782882,1.00652209399597,0.795510655984049,1.27350490918169,0.748419033238763,1.3536357050113,1,2.46835462448081
0.322949317581105,0.00687000256213483,0.11770584481768,1.00689365516319,0.799448268769068,1.26816815097857,0.753015276537218,1.34636688576899,1,2.46835462448081
0.33167767751573,0.00722984727350065,0.115404085941884,1.00725604571816,0.803352115480568,1.26291413451855,0.757578314135487,1.33922093954545,1,2.46835462448081
0.340406037450354,0.00758035565778975,0.113131457036597,1.00760915928833,0.807221399001302,1.25774195175925,0.762107086661627,1.33219626959395,1,2.46835462448081
0.349134397384979,0.00792143206947371,0.11088797803476,1.00795288962058,0.81105532829755,1.25265070365428,0.766600540241402,1.3252913014835,1,2.46835462448081
0.357862757319603,0.00825298086302402,0.108673665067409,1.00828713059062,0.814853120140809,1.24763949794902,0.771057628662312,1.31850447998085,1,2.46835462448081
0.366591117254228,0.00857490639291224,0.106488529566741,1.00861177621247,0.818614000935084,1.24270744691935,0.775477315675829,1.31183426587778,1,2.46835462448081
0.375319477188852,0.00888711301360984,0.104332577324776,1.00892672064803,0.82233720865239,1.23785366505029,0.779858577441309,1.30527913275942,1,2.46835462448081
0.384047837123477,0.00918950507958852,0.102205807506534,1.00923185821677,0.826021994878715,1.23307726665224,0.784200405114645,1.29883756371023,1,2.46835462448081
0.392776197058101,0.00948198694531949,0.100108211616851,1.00952708340552,0.829667626972328,1.22837736341284,0.788501807584235,1.29250804795445,1,2.46835462448081
0.401504556992726,0.00976446296527447,0.0980397724201146,1.00981229087832,0.833273390335838,1.22375306188277,0.792761814356236,1.28628907742861,1,2.46835462448081
0.41023291692735,0.0100368374939249,0.0960004628125261,1.01008737548639,0.836838590802848,1.21920346089459,0.79697947859035,1.28017914328433,1,2.46835462448081
0.418961276861975,0.0102990148857423,0.0939902446467255,1.01035223227822,0.840362557139428,1.21472764891429,0.801153880286619,1.2741767323206,1,2.46835462448081
0.427689636796599,0.0105508994951983,0.0920090675090096,1.01060675650968,0.843844643659871,1.21032470132581,0.805284129622726,1.26828032334563,1,2.46835462448081
0.436417996731224,0.0107923956767642,0.0900568674497411,1.01085084365431,0.847284232955362,1.20599367764993,0.809369370440235,1.26248838346927,1,2.46835462448081
0.445146356665848,0.0110234077849117,0.0881335656680097,1.01108438941364,0.850680738733234,1.20173361869961,0.813408783877007,1.25679936432863,1,2.46835462448081
0.453874716600472,0.0112438401741123,0.0862390671521016,1.0113072897276,0.854033608763436,1.19754354367509,0.817401592141666,1.25121169825044,1,2.46835462448081
0.462603076535097,0.0114535971988373,0.084373259277898,1.01151944078509,0.857342327927626,1.19342244720308,0.821347062424512,1.24572379435546,1,2.46835462448081
0.471331436469721,0.0116525832135585,0.0825360103679391,1.01172073903453,0.860606421365069,1.18936929632595,0.825244510937609,1.2403340346119,1,2.46835462448081
0.480059796404346,0.0118407025727473,0.0807271682145608,1.01191108119459,0.86382545770804,1.18538302744777,0.82909330707503,1.23504076984636,1,2.46835462448081
0.48878815633897,0.0120178596308752,0.0789465585712401,1.01209036426499,0.86699905239799,1.18146254324603,0.832892877682294,1.22984231572305,1,2.46835462448081
0.497516516273595,0.0121839587424137,0.0771939836170615,1.0122584855373,0.870126871072068,1.17760670955925,0.836642711421993,1.22473694870382,1,2.46835462448081
0.506244876208219,0.0123389042618344,0.0754692204000368,1.01241534260596,0.873208633007921,1.17381435226219,0.840342363220463,1.21972290200375,1,2.46835462448081
0.514973236142844,0.0124826005436087,0.0737720192658719,1.0125608333793,0.876244114612892,1.17008425414272,0.843991458778061,1.21479836155947,1,2.46835462448081
0.523701596077468,0.0126149519422083,0.0721021022796634,1.01269485609061,0.879233152941936,1.16641515179548,0.847589699123348,1.20996146202945,1,2.46835462448081
0.532429956012093,0.0127358628121044,0.0704591616489074,1.01281730930942,0.882175649226675,1.16280573254997,0.851136865189054,1.20521028284789,1,2.46835462448081
0.541158315946717,0.0128452375077689,0.0688428581571152,1.01292809195268,0.88507157239619,1.15925463145213,0.854632822385398,1.2005428443564,1,2.46835462448081
0.549886675881342,0.012942980383673,0.0672528196182213,1.01302710329622,0.887920962568287,1.15576042832057,0.858077525143979,1.19595710403969,1,2.46835462448081
0.558615035815966,0.0130289957942883,0.0656886393628289,1.0131142429861,0.89072393448824,1.15232164490002,0.861471021403246,1.19145095289381,1,2.46835462448081
0.567343395750591,0.0131031880940865,0.0641498747681509,1.01318941105016,0.893480680890356,1.14893674213661,0.864813457004455,1.18702221195765,1,2.46835462448081
0.576071755685215,0.0131654616375388,0.0626360458442285,1.01325250790959,0.896191475756221,1.1456041176008,0.868105079965152,1.18266862904002,1,2.46835462448081
0.584800115619839,0.013215720779117,0.0611466338896521,1.01330343439059,0.898856677442231,1.14232210308494,0.871346244595588,1.17838787567657,1,2.46835462448081
0.593528475554464,0.0132538698732924,0.059681080230509,1.0133420917361,0.901476731647966,1.13908896240385,0.87453741542219,1.17417754435168,1,2.46835462448081
0.602256835489088,0.0132798132745368,0.0582387850566458,1.01336838161761,0.904052174196292,1.13590288942695,0.877679170881305,1.17003514602167,1,2.46835462448081
0.610985195423713,0.0132934553373214,0.0568191063695195,1.01338220614699,0.906583633595703,1.13276200637139,0.880772206745995,1.16595810797592,1,2.46835462448081
0.619713555358337,0.0132947004161178,0.0554213590558951,1.01338346788847,0.909071833355492,1.12966436238497,0.883817339248722,1.16194377207242,1,2.46835462448081
0.628441915292962,0.0132834528653977,0.054044814101426,1.01337206987062,0.911517594024855,1.1266079324475,0.886815507863407,1.15798939338354,1,2.46835462448081
0.637170275227586,0.0132596170396323,0.0526886979576862,1.01334791559839,0.913921834928007,1.12359061661822,0.889767777711578,1.15409213928679,1,2.46835462448081
0.645898635162211,0.0132230972932934,0.051352192075521,1.0133109090653,0.916285575568884,1.12061023965509,0.892675341559201,1.15024908903306,1,2.46835462448081
0.654626995096835,0.0131737979808524,0.050034432616621,1.01326095476556,0.918609936681045,1.11766455103011,0.895539521373337,1.14645723382252,1,2.46835462448081
0.66335535503146,0.0131116234567808,0.0487345103540222,1.01319795770637,0.920896140900858,1.11475122536198,0.898361769410913,1.14271347741513,1,2.46835462448081
0.672083714966084,0.0130364780755502,0.0474514707707783,1.01312182342018,0.923145513045139,1.11186786328456,0.901143668815755,1.13901463729873,1,2.46835462448081
0.680812074900709,0.012948266191632,0.046184314364385,1.0130324579771,0.925359479977834,1.109011992766,0.903886933704355,1.13535744643344,1,2.46835462448081
0.689540434835333,0.0128468921594978,0.0449319971626616,1.01292976799729,0.927539570054256,1.10618107088954,0.906593408725803,1.13173855558591,1,2.46835462448081
0.698268794769958,0.0127322603336191,0.0436934314547652,1.01281366066342,0.92968741213558,1.10337248610272,0.909265068086605,1.12815453626196,1,2.46835462448081
0.706997154704582,0.0126042750684674,0.0424674867388678,1.01268404373322,0.93180473417076,1.10058356093727,0.911904014036721,1.12460188424016,1,2.46835462448081
0.715725514639207,0.0124628407185142,0.0412529908858213,1.01254082555201,0.933893361347601,1.09781155519741,0.914512474818953,1.12107702370327,1,2.46835462448081
0.724453874573831,0.012307861638231,0.0400487315159406,1.01238391506535,0.935955213819264,1.09505366960963,0.917092802089574,1.1175763119586,1,2.46835462448081
0.733182234508455,0.0121392421820894,0.0388534575839236,1.01221322183169,0.937992304016885,1.09230704992271,0.919647467823609,1.11409604473288,1,2.46835462448081
0.74191059444308,0.0119568867045608,0.037665881164996,1.01202865603507,0.940006733563018,1.08956879144258,0.92217906072333,1.11063246202184,1,2.46835462448081
0.750638954377704,0.0117606995601168,0.0364846794337051,1.01183012849786,0.942000689804083,1.08683594398314,0.924690282152929,1.10718175447059,1,2.46835462448081
0.759367314312329,0.011550585103229,0.0353084968255355,1.01161755069356,0.94397644198271,1.08410551721161,0.927183941625731,1.1037400702571,1,2.46835462448081
0.768095674246953,0.0113264476883687,0.0341359473707983,1.01139083475963,0.945936337072439,1.08137448636509,0.929662951872402,1.10030352244926,1,2.46835462448081
0.776824034181578,0.0110881916700076,0.0329656171902583,1.01114989351033,0.947882795297417,1.07863979831508,0.932130323518796,1.09686819680567,1,2.46835462448081
0.785552394116202,0.0108357214026171,0.0317960671429253,1.0108946404496,0.949818305357981,1.07589837795827,0.934589159399977,1.09343015999223,1,2.46835462448081
0.794280754050827,0.0105689412406687,0.030625835618686,1.01062498978403,0.951745419378727,1.07314713491628,0.937042648531574,1.08998546819244,1,2.46835462448081
0.803009113985451,0.0102877555386341,0.0294534414724236,1.01034085643577,0.953666747587976,1.07038297053469,0.939494059749983,1.08653017609821,1,2.46835462448081
0.811737473920076,0.00999206865098461,0.0282773871026496,1.01004215605554,0.955584952725109,1.06760278518408,0.941946735017324,1.0830603462844,1,2.46835462448081
0.8204658338547,0.00968178493219183,0.0270961616874683,1.00972880503559,0.957502744153058,1.06480348588498,0.944404082362953,1.07957205899368,1,2.46835462448081
0.829194193789325,0.00935681031575931,0.0259082527768076,1.00940072211667,0.959422857773312,1.06198201299307,0.946869550793906,1.07606144579829,1,2.46835462448081
0.837922553723949,0.00901708589090431,0.0247123331465058,1.00905786227913,0.961347736299846,1.05913576428265,0.949346224613183,1.07252522107222,1,2.46835462448081
0.846650913658574,0.0086625872688567,0.0235072998780141,1.00870021605368,0.963279451803406,1.05626267015441,0.951836726102878,1.06896077653214,1,2.46835462448081
0.855379273593198,0.00829329151312535,0.0222921197558908,1.00832777611956,0.965219962494877,1.05336083338581,0.954343542059874,1.06536572972423,1,2.46835462448081
0.864107633527822,0.00790917568721881,0.0210658209879741,1.00794053584038,0.967171125866926,1.05042850910126,0.956869040221426,1.06173789838063,1,2.46835462448081
0.872835993462447,0.00751021685464582,0.0198274919400031,1.00753848926624,0.969134700112982,1.0474641009496,0.95941547078251,1.0580752950804,1,2.46835462448081
0.881564353397071,0.00709639207891506,0.018576279732158,1.00712163113594,0.971112345853124,1.04446615701385,0.961984968302577,1.05437612158498,1,2.46835462448081
0.890292713331696,0.0066676784235352,0.0173113887189669,1.00668995687898,0.973105628123607,1.04143336549717,0.964579553947545,1.05063876290303,1,2.46835462448081
0.89902107326632,0.00622405295201498,0.016032078872761,1.00624346261762,0.975116018589228,1.03836455022614,0.967201138015877,1.04686178113666,1,2.46835462448081
0.907749433200945,0.00576549272786303,0.0147376640894868,1.00578214516885,0.977144897940407,1.0352586660102,0.969851522700969,1.04304390915759,1,2.46835462448081
0.916477793135569,0.00529197481458807,0.0134275104342356,1.00530600204631,0.979193558439728,1.03211479389296,0.972532405045608,1.03918404415834,1,2.46835462448081
0.925206153070194,0.00480347627569879,0.0121010343423693,1.00481503146214,0.981263206585606,1.02893213632808,0.975245380047945,1.03528124111968,1,2.46835462448081
0.933934513004818,0.00429997417470389,0.0107577007906321,1.00430923232884,0.983354965863701,1.02571001230978,0.97799194388208,1.03133470623206,1,2.46835462448081
0.942662872939443,0.00378144557511205,0.00939702145117644,1.00378860426098,0.98546987955963,1.02244785248481,0.980773497200043,1.02734379030502,1,2.46835462448081
0.951391232874067,0.00324786754043186,0.00801855284000756,1.00325314757695,0.987608913609339,1.01914519426988,0.983591348485485,1.02330798219492,1,2.46835462448081
0.960119592808692,0.00269921713417221,0.00662189446999077,1.0027028633006,0.98977295946625,1.01580167699611,0.986446717432794,1.01922690227789,1,2.46835462448081
0.968847952743316,0.00213547141984163,0.00520668701727327,1.00213775316284,0.991962836966876,1.01241703709895,0.989340738328627,1.01510029599194,1,2.46835462448081
0.977576312677941,0.00155660746094885,0.0037726105087651,1.0015578196032,0.994179297179016,1.00899110337006,0.99227446341587,1.01092802746845,1,2.46835462448081
0.986304672612565,0.000962602321002568,0.00231938253719603,1.00096306577131,0.996423025218932,1.00552379228507,0.995248866222878,1.00671007327119,1,2.46835462448081
0.99503303254719,0.000353433063511499,0.000846756509232148,1.00035349552834,0.998694643025982,1.00201510341908,0.998264844843498,1.00244651625756,1,2.46835462448081
1,0,0,1,1,1,1,1,1,2.46835462448081
1.00376139248181,-0.000270923248015733,0.000645480068812004,0.999729113448373,0.998465114959876,1.00099471208509,0.998137539575027,1.00132322515573,1,2.46835462448081
1.01248975241644,-0.000910489550070371,0.00215750726398766,0.999089924819771,0.994873979327059,1.00332373608922,0.993783420802891,1.00442476396913,1,2.46835462448081
1.02121811235106,-0.00156528877914379,0.0036894743455476,0.998435935646394,0.991241918903657,1.00568216353548,0.989384526247977,1.00757015209295,1,2.46835462448081
1.02994647228569,-0.00223534387172728,0.00524150136738814,0.997767152648845,0.987569221885412,1.00807039025007,0.984941305400751,1.01076001731892,1,2.46835462448081
1.03867483222031,-0.00292067776431209,0.00681368070249559,0.997083583265615,0.983856238251632,1.01048876183832,0.980454285556864,1.01399492731386,1,2.46835462448081
1.04740319215494,-0.00362131339338961,0.00840607852833488,0.996385235654187,0.980103375860369,1.01293757605737,0.97592406660768,1.01727539241918,1,2.46835462448081
1.05613155208956,-0.00433727369545115,0.0100187362625888,0.995672118692078,0.976311096669713,1.01541708510986,0.971351316002075,1.02060186835497,1,2.46835462448081
1.06485991202419,-0.00506858160698797,0.0116516719490665,0.994944241977822,0.972479913086112,1.01792749785791,0.966736763880677,1.02397475882794,1,2.46835462448081
1.07358827195881,-0.00581526006449138,0.0133048815939514,0.994201615831895,0.968610384439873,1.02046898195743,0.962081198382783,1.02739441804317,1,2.46835462448081
1.08231663189343,-0.00657733200445278,0.0149783404528576,0.993444251297589,0.964703113587371,1.02304166591336,0.957385461125345,1.03086115312024,1,2.46835462448081
1.09104499182806,-0.0073548203633634,0.0166720042694171,0.992672160141815,0.960758743638924,1.02564564105695,0.952650442852698,1.03437522641553,1,2.46835462448081
1.09977335176268,-0.00814774807771455,0.0183858104663302,0.991885354855856,0.956777954810836,1.02828096344678,0.947877079255126,1.03793685775234,1,2.46835462448081
1.10850171169731,-0.00895613808399758,0.020119679289985,0.991083848656062,0.952761461399722,1.03094765569534,0.943066346953832,1.04154622656151,1,2.46835462448081
1.11723007163193,-0.00978001331870373,0.0218735149098883,0.990267655484474,0.948710008876903,1.03364570872358,0.93821925964947,1.04520347393539,1,2.46835462448081
1.12595843156656,-0.0106193967183244,0.0236472064742651,0.989436790009406,0.944624371100406,1.0363750834458,0.933336864431047,1.0489087045982,1,2.46835462448081
1.13468679150118,-0.0114743112193509,0.0254406291232607,0.988591267625949,0.940505347641877,1.0391357123877,0.928420238241732,1.0526619887963,1,2.46835462448081
1.14341515143581,-0.0123447797582745,0.0272536449612475,0.987731104456428,0.936353761225596,1.04192750124027,0.923470484497885,1.05646336411194,1,2.46835462448081
1.15214351137043,-0.0132308252715865,0.0290861039897766,0.986856317350792,0.932170455276604,1.0447503303526,0.918488729857447,1.06031283720413,1,2.46835462448081
1.16087187130505,-0.0141324706957783,0.0309378450027377,0.985966923886945,0.927956291574924,1.04760405616647,0.913476121133727,1.06421038548064,1,2.46835462448081
1.16960023123968,-0.015049738967341,0.0328086964453076,0.985062942371017,0.923712148012755,1.05048851259586,0.908433822350515,1.06815595870476,1,2.46835462448081
1.1783285911743,-0.0159826530227662,0.0346984772382566,0.984144391837573,0.919438916451526,1.05340351235438,0.903363011934412,1.0721494805409,1,2.46835462448081
1.18705695110893,-0.0169312357985449,0.03660699756918,0.983211292049757,0.915137500675668,1.05634884823364,0.898264880040255,1.07619085004284,1,2.46835462448081
1.19578531104355,-0.0178955102311687,0.0385340596521923,0.982263663499386,0.910808814439975,1.05932429433556,0.893140626005484,1.0802799430885,1,2.46835462448081
1.20451367097818,-0.0188754992571287,0.0404794584576011,0.981301527406964,0.906453779607457,1.06232960726166,0.88799145592936,1.08441661376508,1,2.46835462448081
1.2132420309128,-0.0198712258129164,0.04244298241304,0.980324905721655,0.902073324374629,1.06536452726215,0.882818580372942,1.08860069570827,1,2.46835462448081
1.22197039084743,-0.020882712835023,0.044424414077503,0.979333821121174,0.897668381581225,1.06842877934764,0.877623212175826,1.09283200339926,1,2.46835462448081
1.23069875078205,-0.0219099832599398,0.0464235307896825,0.978328297011631,0.893239887101379,1.0715220743664,0.872406564385658,1.09711033342313,1,2.46835462448081
1.23942711071667,-0.0229530600241581,0.0484401052919673,0.977308357527305,0.888788778313398,1.07464411004965,0.867169848296568,1.10143546569215,1,2.46835462448081
1.2481554706513,-0.0240119660641692,0.0504739063314101,0.976274027530354,0.884315992645306,1.07779457202763,0.861914271592697,1.10580716463729,1,2.46835462448081
1.25688383058592,-0.0250867243164645,0.0525246992389303,0.97522533261047,0.87982246619341,1.08097313481892,0.856641036593114,1.11022518037148,1,2.46835462448081
1.26561219052055,-0.0261773577175353,0.054592246487964,0.974162299084461,0.875309132411239,1.0841794627954,0.851351338594481,1.1146892498275,1,2.46835462448081
1.27434055045517,-0.0272838892038729,0.0566763082337286,0.973084953995779,0.870776920866261,1.08741321112528,0.846046364307947,1.11919909787392,1,2.46835462448081
1.2830689103898,-0.0284063417119685,0.0587766428342192,0.971993325113976,0.866226756061872,1.09067402669635,0.840727290386815,1.12375443841182,1,2.46835462448081
1.29179727032442,-0.0295447381783135,0.0608930073540058,0.970887440934107,0.861659556322238,1.09396154902165,0.835395282041652,1.1283549754553,1,2.46835462448081
1.30052563025905,-0.0306991015393993,0.0630251580518515,0.96976733067606,0.857076232737638,1.09727541112956,0.830051491739586,1.13300040419856,1,2.46835462448081
1.30925399019367,-0.0318694547317171,0.0651728508531286,0.968633024283825,0.852477688168056,1.10061524044048,0.824697057984646,1.13769041207213,1,2.46835462448081
1.3179823501283,-0.0330558206917582,0.0673358418079577,0.967484552424706,0.847864816302819,1.10398065963163,0.819333104176097,1.14242467979087,1,2.46835462448081
1.32671071006292,-0.0342582223560139,0.0695138875359556,0.966321946488456,0.843238500774195,1.10737128749211,0.813960737541797,1.14720288239614,1,2.46835462448081
1.33543906999754,-0.0354766826609756,0.0717067456584318,0.965145238586364,0.838599614322894,1.11078673976979,0.808581048143738,1.15202469029467,1,2.46835462448081
1.34416742993217,-0.0367112245431346,0.0739141752188296,0.963954461550263,0.83394901801354,1.11422663001154,0.803195107952975,1.15688977029609,1,2.46835462448081
1.35289578986679,-0.0379618709389822,0.0761359370921696,0.962749648931483,0.829287560498213,1.11769057039858,0.797803969991292,1.16179778665154,1,2.46835462448081
1.36162414980142,-0.0392286447850096,0.0783717943842119,0.961530834999738,0.824616077326256,1.12117817257824,0.792408667536992,1.16674840209535,1,2.46835462448081
1.37035250973604,-0.0405115690177082,0.0806215128210141,0.960298054741948,0.819935390298601,1.12468904849361,0.787010213392327,1.17174127889172,1,2.46835462448081
1.37908086967067,-0.0418106665735694,0.0828848611295278,0.959051343860999,0.815246306864937,1.12822281121228,0.781609599210155,1.17677607988829,1,2.46835462448081
1.38780922960529,-0.0431259603890843,0.085161611409837,0.957790738774431,0.810549619562116,1.13177907575561,0.776207794877474,1.18185246957856,1,2.46835462448081
1.39653758953992,-0.0444574734007444,0.0874515394996108,0.956516276613075,0.805846105492235,1.1353574599295,0.770805747953611,1.1869701151746,1,2.46835462448081
1.40526594947454,-0.045805228545041,0.0897544253313055,0.955227995219611,0.801136525838922,1.13895758515789,0.765404383160877,1.192128687692,1,2.46835462448081
1.41399430940916,-0.0471692487584652,0.0920700532826234,0.953925933147075,0.796421625420395,1.14257907731999,0.760004601925605,1.19732786304838,1,2.46835462448081
1.42272266934379,-0.0485495569775087,0.094398212520701,0.952610129657291,0.791702132277925,1.14622156759219,0.754607281967562,1.2025673231771,1,2.46835462448081
1.43145102927841,-0.0499461761386624,0.0967386973404718,0.951280624719243,0.78697875729839,1.14988469329563,0.749213276935784,1.2078467571575,1,2.46835462448081
1.44017938921304,-0.0513591291784179,0.0990913074976177,0.949937459007385,0.782252193869665,1.15356809875021,0.743823416088976,1.21316586236304,1,2.46835462448081
1.44890774914766,-0.0527884390332663,0.101455848536499,0.948580673899883,0.777523117567639,1.15727143613589,0.738438504018671,1.21852434562866,1,2.46835462448081
1.45763610908229,-0.0542341286396991,0.103832132113422,0.947210311476793,0.772792185873715,1.16099436636201,0.733059320413432,1.22392192443847,1,2.46835462448081
1.46636446901691,-0.0556962209342075,0.106219976315577,0.945826414518175,0.768060037921677,1.16473655994524,0.727686619862426,1.22935832813503,1,2.46835462448081
1.47509282895154,-0.0571747388532828,0.108619205975965,0.944429026502145,0.763327294272874,1.16849769789699,0.722321131696776,1.23483329915124,1,2.46835462448081
1.48382118888616,-0.0586697053334164,0.11102965298458,0.94301819160286,0.758594556718718,1.17227747262055,0.716963559867162,1.24034659426581,1,2.46835462448081
1.49254954882078,-0.0601811433110995,0.113451156596134,0.941593954688439,0.753862408109524,1.17607558881886,0.711614582856211,1.24589798588341,1,2.46835462448081
1.50127790875541,-0.0617090757228235,0.11588356373454,0.94015636131882,0.749131412208776,1.17989176441304,0.706274853624245,1.25148726334025,1,2.46835462448081
1.51000626869003,-0.0632535255050797,0.118326729294379,0.938705457743556,0.74440211357195,1.18372573147238,0.700944999587065,1.25711423423613,1,2.46835462448081
1.51873462862466,-0.0648145155943593,0.120780516439546,0.937241290899542,0.739675037449052,1.18757723715605,0.695625622624468,1.26277872579351,1,2.46835462448081
1.52746298855928,-0.0663920689271538,0.123244796899247,0.935763908408681,0.734950689710082,1.1914460446669,0.690317299118258,1.26848058624456,1,2.46835462448081
1.53619134849391,-0.0679862084399545,0.125719451261496,0.934273358575485,0.730229556792672,1.1953319342177,0.685020580018591,1.27421968624684,1,2.46835462448081
1.54491970842853,-0.0695969570692524,0.128204369264247,0.932769690384616,0.725512105671183,1.19923470400994,0.679735990937511,1.27999592032813,1,2.46835462448081
1.55364806836316,-0.0712243377515391,0.130699450084269,0.931252953498355,0.720798783846581,1.20315417122568,0.674464032268623,1.28580920836118,1,2.46835462448081
1.56237642829778,-0.072868373423306,0.133204602623861,0.92972319825402,0.716090019356462,1.20709017303228,0.669205179331872,1.29165949706886,1,2.46835462448081
1.5711047882324,-0.0745290870210442,0.135719745795478,0.928180475661305,0.711386220804606,1.21104256760053,0.663959882542462,1.29754676156018,1,2.46835462448081
1.57983314816703,-0.076206501481245,0.138244808804314,0.926624837399573,0.706687777409506,1.21501123513592,0.658728567603004,1.30347100689773,1,2.46835462448081
1.58856150810165,-0.0779006397403998,0.140779731428891,0.925056335815071,0.701995059071329,1.21899607892348,0.653511635718003,1.30943226969697,1,2.46835462448081
1.59728986803628,-0.0796115247349999,0.143324464299656,0.923475023918088,0.697308416456804,1.22299702638587,0.648309463829879,1.31543061975769,1,2.46835462448081
1.6060182279709,-0.0813391794015366,0.145878969175602,0.921880955380057,0.692628181101574,1.22701403015511,0.643122404875722,1.32146616172807,1,2.46835462448081
1.61474658790553,-0.0830836266765013,0.148443219218864,0.92027418453058,0.687954665529563,1.23104706915754,0.637950788064065,1.32753903680165,1,2.46835462448081
1.62347494784015,-0.0848448894963851,0.151017199267289,0.918654766354405,0.683288163388958,1.23509614971226,0.632794919170958,1.33364942444753,1,2.46835462448081
1.63220330777478,-0.0866229907976795,0.153600906104892,0.91702275648833,0.678628949604416,1.23916130664282,0.627655080854713,1.33979754417396,1,2.46835462448081
1.6409316677094,-0.0884179535168757,0.156194348730144,0.915378211218049,0.673977280545148,1.24324260440204,0.622531532988692,1.3459836573258,1,2.46835462448081
1.64966002764402,-0.0902298005904652,0.158797548621997,0.913721187474941,0.669333394208566,1.2473401382099,0.617424513011567,1.35220806891575,1,2.46835462448081
1.65838838757865,-0.0920585554684835,0.161410542794327,0.912051742364409,0.664697506441943,1.25145404140704,0.612334231761891,1.35847113815028,1,2.46835462448081
1.66711674751327,-0.0939042691723256,0.164033528298488,0.910369908534241,0.66006960682432,1.25558480771744,0.60726064140989,1.36477372951499,1,2.46835462448081
1.6758451074479,-0.0957670336926492,0.166666919548895,0.908675682230475,0.65544938409348,1.25973342185529,0.602203352833331,1.37111740011441,1,2.46835462448081
1.68457346738252,-0.0976469443456948,0.16931113470091,0.906969057788631,0.650836533864186,1.2639008859906,0.597161987432981,1.37750374119102,1,2.46835462448081
1.69330182731715,-0.0995440964477027,0.171966576813003,0.905250030677731,0.64623078479048,1.26808817736488,0.592136206757361,1.38393431897981,1,2.46835462448081
1.70203018725177,-0.101458585314913,0.174633633467851,0.90351859750557,0.641631898269217,1.27229624686756,0.587125711924608,1.39041067263506,1,2.46835462448081
1.7107585471864,-0.103390506263567,0.1773126764632,0.901774756023877,0.637039668039503,1.27652601776676,0.58213024292603,1.39693431235328,1,2.46835462448081
1.71948690712102,-0.105339954609904,0.180004061566838,0.900018505133372,0.632453919689123,1.28077838458282,0.577149577825017,1.40350671767813,1,2.46835462448081
1.72821526705564,-0.107307025670164,0.182708128330619,0.898249844888717,0.627874510077962,1.28505421209474,0.572183531863708,1.41012933597466,1,2.46835462448081
1.73694362699027,-0.109291814760589,0.185425199958889,0.896468776503349,0.62330132668756,1.28935433446985,0.567231956488664,1.41680358106106,1,2.46835462448081
